scenario,basic,r_diff,r_eff,contacts_med,contacts,traced_90_1,traced_90_2,above1,above5,reduction_raw,aboveX,r_effective,reduction,t_contacts,total_contacts100,total_contacts50,total_contacts10,wfh,limit_other,trace_p,app_cov,prob_symp,prob_t_asymp
hh_work_only,2.5938,1.0914,1.5024,6,10,0,34,0.3364,0.1249,0.4207726116123063,34%,0.87,42%,6 (0-34),180,90,45,0,4,0.30000000000000004,0.53,0.6,0.5
isolation_manual_tracing_met_only,2.5751,1.1477,1.4274,9,13,1,38,0.3219,0.1136,0.44569142945905016,32%,0.83,45%,9 (1-38),230,120,58,0,4,0.30000000000000004,0.53,0.6,0.5
isolation_manual_tracing_met_limit,2.619,1.3554,1.2636,8,12,1,36,0.2858,0.0913,0.5175257731958762,29%,0.72,52%,8 (1-36),220,110,54,0,4,0.30000000000000004,0.53,0.6,0.5
isolation_manual_tracing,2.5486,1.146,1.4026,11,15,1,44,0.3178,0.1168,0.44965863611394485,32%,0.83,45%,11 (1-44),270,140,68,0,4,0.30000000000000004,0.53,0.6,0.5
