scenario,basic,r_diff,r_eff,contacts_med,contacts,traced_90_1,traced_90_2,above1,above5,reduction_raw,aboveX,r_effective,reduction,t_contacts,total_contacts100,total_contacts50,total_contacts10,wfh,limit_other,trace_p,app_cov,prob_symp,prob_t_asymp
no_measures,1.9143,0,1.9143,0,0,0,0,0.351,0.1936,0,35%,1.9,0%,0 (0-0),0,0,0,0,4,0.95,0.53,0.6,0
isolation_manual_tracing_met_only,1.8859,1.4166,0.4693,21,36,1,112,0.0952,0.0302,0.7511532955087756,9.5%,0.48,75%,21 (1-110),650,320,160,0,4,0.95,0.53,0.6,0
isolation_manual_tracing_met_limit,1.9275,1.5595,0.368,18,32,1,106,0.073,0.0192,0.8090791180285344,7.3%,0.37,81%,18 (1-110),580,290,140,0,4,0.95,0.53,0.6,0
isolation_manual_tracing,1.8781,1.5252,0.3529,28,42,1,131,0.0675,0.0218,0.8120973324104148,6.8%,0.36,81%,28 (1-130),760,380,190,0,4,0.95,0.53,0.6,0
cell_phone,1.8518,1.0877,0.7641,5,14,0,56,0.1604,0.061,0.5873744464845015,16%,0.79,59%,5 (0-56),250,130,63,0,4,0.95,0.53,0.6,0
cell_phone_met_limit,1.915,1.2487,0.6663,4,12,0,45,0.1456,0.0505,0.6520626631853785,15%,0.67,65%,4 (0-45),220,110,54,0,4,0.95,0.53,0.6,0
