scenario,basic,r_diff,r_eff,contacts_med,contacts,traced_90_1,traced_90_2,above1,above5,reduction_raw,aboveX,r_effective,reduction,t_contacts,total_contacts100,total_contacts50,total_contacts10,wfh,limit_other,trace_p,app_cov,prob_symp,prob_t_asymp
no_measures,2.2638,0,2.2638,0,0,0,0,0.4637,0.2046,0,46%,2.3,0%,0 (0-0),0,0,0,0,4,0.95,0.53,0.4,0.5
isolation_manual_tracing_met_only,2.2251,0.9733,1.2518,21,35,1,112,0.2832,0.0953,0.437418542986832,28%,1.3,44%,21 (1-110),630,320,160,0,4,0.95,0.53,0.4,0.5
isolation_manual_tracing_met_limit,2.2557,1.1498,1.1059,18,32,1,105,0.2473,0.0779,0.5097309039322604,25%,1.1,51%,18 (1-100),580,290,140,0,4,0.95,0.53,0.4,0.5
isolation_manual_tracing,2.2334,1.006,1.2274,28,43,1,133,0.2736,0.0948,0.4504343153935704,27%,1.2,45%,28 (1-130),770,390,190,0,4,0.95,0.53,0.4,0.5
cell_phone,2.2591,0.7757,1.4834,5,15,0,58,0.3311,0.1211,0.3433668274976761,33%,1.5,34%,5 (0-58),270,140,68,0,4,0.95,0.53,0.4,0.5
cell_phone_met_limit,2.2615,1.0031,1.2584,4,12,0,45,0.2893,0.091,0.4435551625027636,29%,1.3,44%,4 (0-45),220,110,54,0,4,0.95,0.53,0.4,0.5
