scenario,basic,r_diff,r_eff,contacts_med,contacts,traced_90_1,traced_90_2,above1,above5,reduction_raw,aboveX,r_effective,reduction,t_contacts,total_contacts100,total_contacts50,total_contacts10,wfh,limit_other,trace_p,app_cov,prob_symp,prob_t_asymp
no_measures,2.0442,0,2.0442,0,0,0,0,0.3756,0.1986,0,38%,2,0%,0 (0-0),0,0,0,0,4,0.95,0.53,0.6,0.1
isolation_manual_tracing_met_only,2.012,1.4491,0.5629,22,35,1,113,0.1125,0.0319,0.7202286282306163,11%,0.57,72%,22 (1-110),630,320,160,0,4,0.95,0.53,0.6,0.1
isolation_manual_tracing_met_limit,2.069,1.5911,0.4779,17,32,1,103,0.094,0.0205,0.7690188496858386,9.4%,0.47,77%,17 (1-100),580,290,140,0,4,0.95,0.53,0.6,0.1
isolation_manual_tracing,2.1485,1.6514,0.4971,29,44,1,134,0.0907,0.0227,0.7686292762392366,9.1%,0.47,77%,29 (1-130),790,400,200,0,4,0.95,0.53,0.6,0.1
cell_phone,2.0172,1.1316,0.8856,5,15,0,59.0499999999993,0.1863,0.0644,0.5609756097560975,19%,0.9,56%,5 (0-59),270,140,68,0,4,0.95,0.53,0.6,0.1
cell_phone_met_limit,2.0785,1.2844,0.7941,4,12,0,46,0.1621,0.0535,0.6179456338705798,16%,0.78,62%,4 (0-46),220,110,54,0,4,0.95,0.53,0.6,0.1
