scenario,basic,r_diff,r_eff,contacts_med,contacts,traced_90_1,traced_90_2,above1,above5,reduction_raw,aboveX,r_effective,reduction,t_contacts,total_contacts100,total_contacts50,total_contacts10,wfh,limit_other,trace_p,app_cov,prob_symp,prob_t_asymp
no_measures,3.0124,0,3.0124,0,0,0,0,0.5633,0.3002,0,56%,3,0%,0 (0-0),0,0,0,0,4,0.95,0.53,0.6,0.8
isolation_manual_tracing_met_only,2.9225,1.4652,1.4573,21,35,1,113,0.297,0.1282,0.5013515825491873,30%,1.5,50%,21 (1-110),630,320,160,0,4,0.95,0.53,0.6,0.8
isolation_manual_tracing_met_limit,2.972,1.7073,1.2647,17,31,1,106,0.2663,0.0994,0.5744616419919246,27%,1.3,57%,17 (1-110),560,280,140,0,4,0.95,0.53,0.6,0.8
isolation_manual_tracing,2.9823,1.5643,1.418,29,43,1,136,0.2826,0.1285,0.5245280488213795,28%,1.4,52%,29 (1-140),770,390,190,0,4,0.95,0.53,0.6,0.8
cell_phone,3.0427,1.1748,1.8679,4,15,0,60,0.3793,0.171,0.3861044467085155,38%,1.8,39%,4 (0-60),270,140,68,0,4,0.95,0.53,0.6,0.8
cell_phone_met_limit,3.0055,1.4399,1.5656,4,12,0,46,0.329,0.1287,0.479088338046914,33%,1.6,48%,4 (0-46),220,110,54,0,4,0.95,0.53,0.6,0.8
