scenario,basic,r_diff,r_eff,contacts_med,contacts,traced_90_1,traced_90_2,above1,above5,reduction_raw,aboveX,r_effective,reduction,t_contacts,total_contacts100,total_contacts50,total_contacts10,wfh,limit_other,trace_p,app_cov,prob_symp,prob_t_asymp
no_measures,2.1483,0,2.1483,0,0,0,0,0.4087,0.2032,0,41%,2.1,0%,0 (0-0),0,0,0,0,4,0.95,0.53,0.6,0.2
isolation_manual_tracing_met_only,2.2262,1.5081,0.7181,22,36,1,120,0.1517,0.0386,0.6774323960111401,15%,0.69,68%,22 (1-120),650,320,160,0,4,0.95,0.53,0.6,0.2
isolation_manual_tracing_met_limit,2.1646,1.5728,0.5918,18,32,1,105,0.1159,0.0272,0.7266007576457545,12%,0.59,73%,18 (1-100),580,290,140,0,4,0.95,0.53,0.6,0.2
isolation_manual_tracing,2.2069,1.5811,0.6258,27,44,1,136,0.1276,0.0334,0.7164348180705968,13%,0.61,72%,27 (1-140),790,400,200,0,4,0.95,0.53,0.6,0.2
cell_phone,2.1529,1.1124,1.0405,5,14,0,57,0.2233,0.0712,0.51669840680013,22%,1,52%,5 (0-57),250,130,63,0,4,0.95,0.53,0.6,0.2
cell_phone_met_limit,2.2454,1.3407,0.9047,4,12,0,48,0.1919,0.0581,0.5970873786407767,19%,0.87,60%,4 (0-48),220,110,54,0,4,0.95,0.53,0.6,0.2
