scenario,basic,r_diff,r_eff,contacts_med,contacts,traced_90_1,traced_90_2,above1,above5,reduction_raw,aboveX,r_effective,reduction,t_contacts,total_contacts100,total_contacts50,total_contacts10,wfh,limit_other,trace_p,app_cov,prob_symp,prob_t_asymp
no_measures,2.3711,0,2.3711,0,0,0,0,0.4764,0.2285,0,48%,2.4,0%,0 (0-0),0,0,0,0,4,0.95,0.53,0.5,0.5
isolation_manual_tracing_met_only,2.4155,1.2158,1.1997,22,35,1,111,0.2654,0.0909,0.5033326433450631,27%,1.2,50%,22 (1-110),630,320,160,0,4,0.95,0.53,0.5,0.5
isolation_manual_tracing_met_limit,2.368,1.3751,0.9929,17,31,1,102,0.2214,0.0691,0.5807010135135136,22%,0.99,58%,17 (1-100),560,280,140,0,4,0.95,0.53,0.5,0.5
isolation_manual_tracing,2.4821,1.3438,1.1383,29,44,1,134.049999999999,0.2457,0.0894,0.5413963982111921,25%,1.1,54%,29 (1-130),790,400,200,0,4,0.95,0.53,0.5,0.5
cell_phone,2.3724,0.9431,1.4293,4,14,0,56.0499999999993,0.3199,0.1147,0.3975299274995785,32%,1.4,40%,4 (0-56),250,130,63,0,4,0.95,0.53,0.5,0.5
cell_phone_met_limit,2.378,1.1443,1.2337,4,12,0,48,0.2748,0.0923,0.48120269133725824,27%,1.2,48%,4 (0-48),220,110,54,0,4,0.95,0.53,0.5,0.5
