scenario,basic,r_diff,r_eff,contacts_med,contacts,traced_90_1,traced_90_2,above1,above5,reduction_raw,aboveX,r_effective,reduction,t_contacts,total_contacts100,total_contacts50,total_contacts10,wfh,limit_other,trace_p,app_cov,prob_symp,prob_t_asymp
no_measures,2.3173,0,2.3173,0,0,0,0,0.4556,0.2165,0,46%,2.3,0%,0 (0-0),0,0,0,0,4,0.95,0.53,0.6,0.30000000000000004
isolation_manual_tracing_met_only,2.3721,1.5167,0.8554,23,37,1,118,0.1908,0.0533,0.6393912566923823,19%,0.84,64%,23 (1-120),670,330,170,0,4,0.95,0.53,0.6,0.30000000000000004
isolation_manual_tracing_met_limit,2.3066,1.5946,0.712,18,32,1,102,0.1505,0.0376,0.6913205583976416,15%,0.72,69%,18 (1-100),580,290,140,0,4,0.95,0.53,0.6,0.30000000000000004
isolation_manual_tracing,2.3679,1.6119,0.756,28,43,1,133,0.158,0.0453,0.6807297605473204,16%,0.74,68%,28 (1-130),770,390,190,0,4,0.95,0.53,0.6,0.30000000000000004
cell_phone,2.3852,1.2003,1.1849,4,15,0,59.0499999999993,0.2596,0.089,0.50322824081838,26%,1.2,50%,4 (0-59),270,140,68,0,4,0.95,0.53,0.6,0.30000000000000004
cell_phone_met_limit,2.3171,1.2989,1.0182,5,12,0,46,0.2197,0.0661,0.56057140391006,22%,1,56%,5 (0-46),220,110,54,0,4,0.95,0.53,0.6,0.30000000000000004
