scenario,basic,r_diff,r_eff,contacts_med,contacts,traced_90_1,traced_90_2,above1,above5,reduction_raw,aboveX,r_effective,reduction,t_contacts,total_contacts100,total_contacts50,total_contacts10,wfh,limit_other,trace_p,app_cov,prob_symp,prob_t_asymp
no_measures,2.464,0,2.464,0,0,0,0,0.4849,0.2344,0,48%,2.5,0%,0 (0-0),0,0,0,0,4,0.95,0.53,0.6,0.4
isolation_manual_tracing_met_only,2.3883,1.4389,0.9494,21,35,1,114,0.2147,0.0644,0.6024787505757233,21%,0.98,60%,21 (1-110),630,320,160,0,4,0.95,0.53,0.6,0.4
isolation_manual_tracing_met_limit,2.4835,1.6911,0.7924,18,32,1,106,0.178,0.0446,0.6809341654922488,18%,0.79,68%,18 (1-110),580,290,140,0,4,0.95,0.53,0.6,0.4
isolation_manual_tracing,2.4595,1.5757,0.8838,29,43,1,131.049999999999,0.1922,0.0607,0.6406586704614758,19%,0.89,64%,29 (1-130),770,390,190,0,4,0.95,0.53,0.6,0.4
cell_phone,2.4522,1.1588,1.2934,5,14,0,57,0.2851,0.0974,0.47255525650436336,29%,1.3,47%,5 (0-57),250,130,63,0,4,0.95,0.53,0.6,0.4
cell_phone_met_limit,2.4346,1.3291,1.1055,5,13,0,46,0.2482,0.0757,0.5459213012404502,25%,1.1,55%,5 (0-46),230,120,58,0,4,0.95,0.53,0.6,0.4
