scenario,basic,r_diff,r_eff,contacts_med,contacts,traced_90_1,traced_90_2,above1,above5,reduction_raw,aboveX,r_effective,reduction,t_contacts,total_contacts100,total_contacts50,total_contacts10,wfh,limit_other,trace_p,app_cov,prob_symp,prob_t_asymp
no_measures,3.0584,0,3.0584,0,0,0,0,0.5761,0.3086,0,58%,3.1,0%,0 (0-0),0,0,0,0,4,0.95,0.53,0.6,0.9
isolation_manual_tracing_met_only,3.126,1.4999,1.6261,22,36,1,117,0.3192,0.1454,0.4798144593730006,32%,1.6,48%,22 (1-120),650,320,160,0,4,0.95,0.53,0.6,0.9
isolation_manual_tracing_met_limit,3.0866,1.7392,1.3474,17,32,1,104,0.2759,0.1144,0.563467893475021,28%,1.3,56%,17 (1-100),580,290,140,0,4,0.95,0.53,0.6,0.9
isolation_manual_tracing,3.1319,1.573,1.5589,28,43,1,134,0.2933,0.1437,0.5022510297263643,29%,1.5,50%,28 (1-130),770,390,190,0,4,0.95,0.53,0.6,0.9
cell_phone,3.0855,1.1442,1.9413,4,14,0,56,0.393,0.1807,0.3708313077297035,39%,1.9,37%,4 (0-56),250,130,63,0,4,0.95,0.53,0.6,0.9
cell_phone_met_limit,3.1043,1.4608,1.6435,4,12,0,46,0.348,0.1435,0.47057307605579357,35%,1.6,47%,4 (0-46),220,110,54,0,4,0.95,0.53,0.6,0.9
