scenario,basic,r_diff,r_eff,contacts_med,contacts,traced_90_1,traced_90_2,above1,above5,reduction_raw,aboveX,r_effective,reduction,t_contacts,total_contacts100,total_contacts50,total_contacts10,wfh,limit_other,trace_p,app_cov,prob_symp,prob_t_asymp
no_measures,2.8707,0,2.8707,0,0,0,0,0.5419,0.284,0,54%,2.9,0%,0 (0-0),0,0,0,0,4,0.95,0.53,0.8,0.5
isolation_manual_tracing_met_only,2.9167,1.9897,0.927,22,36,1,112,0.1983,0.0653,0.6821750608564474,20%,0.91,68%,22 (1-110),650,320,160,0,4,0.95,0.53,0.8,0.5
isolation_manual_tracing_met_limit,2.8785,2.0721,0.8064,17,32,1,103.049999999999,0.1659,0.0495,0.71985409067222506,17%,0.8,72%,17 (1-100),580,290,140,0,4,0.95,0.53,0.8,0.5
isolation_manual_tracing,2.8953,2.1297,0.7656,28,42,1,130,0.1618,0.056,0.7355714433737437,16%,0.76,74%,28 (1-130),760,380,190,0,4,0.95,0.53,0.8,0.5
cell_phone,2.9771,1.5579,1.4192,4,14,0,58,0.31,0.1177,0.5232944812065432,31%,1.4,52%,4 (0-58),250,130,63,0,4,0.95,0.53,0.8,0.5
cell_phone_met_limit,2.9018,1.7782,1.1236,5,13,0,48,0.2453,0.0808,0.6127920601006273,25%,1.1,61%,5 (0-48),230,120,58,0,4,0.95,0.53,0.8,0.5
