scenario,basic,r_diff,r_eff,contacts_med,contacts,traced_90_1,traced_90_2,above1,above5,reduction_raw,aboveX,r_effective,reduction,t_contacts,total_contacts100,total_contacts50,total_contacts10,wfh,limit_other,trace_p,app_cov,prob_symp,prob_t_asymp
no_measures,2.5614,0,2.5614,0,0,0,0,0.5032,0.2496,0,50%,2.6,0%,0 (0-0),0,0,0,0,4,0.95,0.53,0.6,0.5
isolation_manual_tracing_met_only,2.594,1.4635,1.1305,21,36,1,118,0.2445,0.0842,0.5641865844255975,24%,1.1,56%,21 (1-120),650,320,160,0,4,0.95,0.53,0.6,0.5
isolation_manual_tracing_met_limit,2.5835,1.6659,0.9176,18,32,1,105,0.2061,0.0608,0.6448229146506677,21%,0.91,64%,18 (1-100),580,290,140,0,4,0.95,0.53,0.6,0.5
isolation_manual_tracing,2.6251,1.597,1.0281,29,44,1,136,0.2228,0.0779,0.6083577768465964,22%,1,61%,29 (1-140),790,400,200,0,4,0.95,0.53,0.6,0.5
cell_phone,2.5693,1.1617,1.4076,4,14,0,57,0.3103,0.1144,0.4521464990464329,31%,1.4,45%,4 (0-57),250,130,63,0,4,0.95,0.53,0.6,0.5
cell_phone_met_limit,2.5657,1.3537,1.212,5,12,0,45,0.274,0.0907,0.5276142962934092,27%,1.2,53%,5 (0-45),220,110,54,0,4,0.95,0.53,0.6,0.5
