scenario,basic,r_diff,r_eff,contacts_med,contacts,traced_90_1,traced_90_2,above1,above5,reduction_raw,aboveX,r_effective,reduction,t_contacts,total_contacts100,total_contacts50,total_contacts10,wfh,limit_other,trace_p,app_cov,prob_symp,prob_t_asymp
no_measures,1.949,0,1.949,0,0,0,0,0.4134,0.1743,0,41%,1.9,0%,0 (0-0),0,0,0,0,4,0.95,0.53,0.2,0.5
isolation_manual_tracing_met_only,1.9458,0.4852,1.4606,22,36,1,119,0.3298,0.117,0.24935759070819208,33%,1.5,25%,22 (1-120),650,320,160,0,4,0.95,0.53,0.2,0.5
isolation_manual_tracing_met_limit,1.9551,0.6974,1.2577,17,32,1,108,0.2859,0.0885,0.35670809677254356,29%,1.3,36%,17 (1-110),580,290,140,0,4,0.95,0.53,0.2,0.5
isolation_manual_tracing,1.9178,0.5201,1.3977,27,43,1,130,0.3205,0.1166,0.2711961622692669,32%,1.4,27%,27 (1-130),770,390,190,0,4,0.95,0.53,0.2,0.5
cell_phone,1.9442,0.3726,1.5716,5,15,0,58,0.3604,0.129,0.19164694990227338,36%,1.6,19%,5 (0-58),270,140,68,0,4,0.95,0.53,0.2,0.5
cell_phone_met_limit,1.9635,0.6086,1.3549,4,13,0,47,0.3149,0.0992,0.30995670995671,31%,1.3,31%,4 (0-47),230,120,58,0,4,0.95,0.53,0.2,0.5
