scenario,basic,r_diff,r_eff,contacts_med,contacts,traced_90_1,traced_90_2,above1,above5,reduction_raw,aboveX,r_effective,reduction,t_contacts,total_contacts100,total_contacts50,total_contacts10,wfh,limit_other,trace_p,app_cov,prob_symp,prob_t_asymp
no_measures,2.7539,0,2.7539,0,0,0,0,0.5261,0.2669,0,53%,2.8,0%,0 (0-0),0,0,0,0,4,0.95,0.53,0.7,0.5
isolation_manual_tracing_met_only,2.7511,1.7174,1.0337,22,36,1,115,0.2247,0.0731,0.6242593871542292,22%,1,62%,22 (1-120),650,320,160,0,4,0.95,0.53,0.7,0.5
isolation_manual_tracing_met_limit,2.7161,1.8686,0.8475,17,31,1,105,0.1828,0.0524,0.6879717241633224,18%,0.86,69%,17 (1-100),560,280,140,0,4,0.95,0.53,0.7,0.5
isolation_manual_tracing,2.7562,1.8482,0.908,28,43,1,133,0.1898,0.0667,0.6705609172048472,19%,0.91,67%,28 (1-130),770,390,190,0,4,0.95,0.53,0.7,0.5
cell_phone,2.7977,1.369,1.4287,4,15,0,58,0.3054,0.12,0.4893305214998034,31%,1.4,49%,4 (0-58),270,140,68,0,4,0.95,0.53,0.7,0.5
cell_phone_met_limit,2.8203,1.5981,1.2222,5,13,0,48,0.2657,0.0921,0.5666418466120626,27%,1.2,57%,5 (0-48),230,120,58,0,4,0.95,0.53,0.7,0.5
